,Manager_Name,Player_Name,NFL_Team,col_count,Player_Abbr,Wildcard,Division,Conference,Super Bowl,Super Bowl Winner
0,Touch of the Downs,Trevor Lawrence,JAX,3,T.Lawrence,True,False,False,False,False
1,Touch of the Downs,Jalen Hurts,PHI,3,J.Hurts,True,False,False,False,False
2,Touch of the Downs,Sam Darnold,SEA,3,S.Darnold,False,True,True,True,True
3,Touch of the Downs,Aaron Rodgers,PIT,3,A.Rodgers,True,False,False,False,False
4,Touch of the Downs,Christian McCaffrey,SF,2,C.McCaffrey,True,True,False,False,False
5,Touch of the Downs,James Cook,BUF,3,J.Cook,True,True,False,False,False
6,Touch of the Downs,Josh Jacobs,GB,2,J.Jacobs,True,False,False,False,False
7,Touch of the Downs,Brian Robinson,SF,2,B.Robinson,True,True,False,False,False
8,Touch of the Downs,Davante Adams,LA,2,D.Adams,True,True,True,False,False
9,Touch of the Downs,Khalil Shakir,BUF,3,K.Shakir,True,True,False,False,False
10,Touch of the Downs,Kayshon Boutte,NE,2,K.Boutte,True,True,True,True,False
11,Touch of the Downs,DK Metcalf,PIT,3,D.Metcalf,True,False,False,False,False
12,Touch of the Downs,Josh Palmer,BUF,3,J.Palmer,True,True,False,False,False
13,Touch of the Downs,Calvin Austin III,PIT,3,C.Austin,True,False,False,False,False
14,Touch of the Downs,Dallas Goedert,PHI,3,D.Goedert,True,False,False,False,False
15,Touch of the Downs,Dalton Kincaid,BUF,3,D.Kincaid,True,True,False,False,False
16,Touch of the Downs,AJ Barner,SEA,3,A.Barner,False,True,True,True,True
17,Touch of the Downs,Pat Freiermuth,PIT,3,P.Freiermuth,True,False,False,False,False
18,Maye Day / Mark LaBossiere ,Drake Maye,NE,2,D.Maye,True,True,True,True,False
19,Maye Day / Mark LaBossiere ,Matthew Stafford,LA,2,M.Stafford,True,True,True,False,False
20,Maye Day / Mark LaBossiere ,Sam Darnold,SEA,3,S.Darnold,False,True,True,True,True
21,Maye Day / Mark LaBossiere ,C.J. Stroud,HOU,3,C.Stroud,True,True,False,False,False
22,Maye Day / Mark LaBossiere ,Kenneth Walker III,SEA,3,K.Walker,False,True,True,True,True
23,Maye Day / Mark LaBossiere ,TreVeyon Henderson,NE,2,T.Henderson,True,True,True,True,False
24,Maye Day / Mark LaBossiere ,Zach Charbonnet,SEA,3,Z.Charbonnet,False,True,True,True,True
25,Maye Day / Mark LaBossiere ,Ty Johnson,BUF,14,Ty.Johnson,True,True,False,False,False
26,Maye Day / Mark LaBossiere ,Puka Nacua,LA,2,P.Nacua,True,True,True,False,False
27,Maye Day / Mark LaBossiere ,Stefon Diggs,NE,2,S.Diggs,True,True,True,True,False
28,Maye Day / Mark LaBossiere ,Kayshon Boutte,NE,2,K.Boutte,True,True,True,True,False
29,Maye Day / Mark LaBossiere ,Rashid Shaheed,SEA,3,R.Shaheed,False,True,True,True,True
30,Maye Day / Mark LaBossiere ,DeMario Douglas,NE,2,D.Douglas,True,True,True,True,False
31,Maye Day / Mark LaBossiere ,Tutu Atwell,LA,17,T.Atwell,True,True,True,False,False
32,Maye Day / Mark LaBossiere ,Hunter Henry,NE,2,H.Henry,True,True,True,True,False
33,Maye Day / Mark LaBossiere ,Dalton Kincaid,BUF,3,D.Kincaid,True,True,False,False,False
34,Maye Day / Mark LaBossiere ,AJ Barner,SEA,3,A.Barner,False,True,True,True,True
35,Maye Day / Mark LaBossiere ,Austin Hooper,NE,2,A.Hooper,True,True,True,True,False
36,Mike's legion of boomers ,Trevor Lawrence,JAX,3,T.Lawrence,True,False,False,False,False
37,Mike's legion of boomers ,Jalen Hurts,PHI,3,J.Hurts,True,False,False,False,False
38,Mike's legion of boomers ,Sam Darnold,SEA,3,S.Darnold,False,True,True,True,True
39,Mike's legion of boomers ,Bryce Young,CAR,3,B.Young,True,False,False,False,False
40,Mike's legion of boomers ,Kenneth Walker III,SEA,3,K.Walker,False,True,True,True,True
41,Mike's legion of boomers ,Travis Etienne,JAX,3,T.Etienne,True,False,False,False,False
42,Mike's legion of boomers ,Zach Charbonnet,SEA,3,Z.Charbonnet,False,True,True,True,True
43,Mike's legion of boomers ,Rico Dowdle,CAR,3,R.Dowdle,True,False,False,False,False
44,Mike's legion of boomers ,Jaxon Smith-Njigba,SEA,3,J.Smith-Njigba,False,True,True,True,True
45,Mike's legion of boomers ,Jayden Reed,GB,2,J.Reed,True,False,False,False,False
46,Mike's legion of boomers ,Pat Bryant,DEN,3,P.Bryant,False,True,True,False,False
47,Mike's legion of boomers ,Cooper Kupp,SEA,3,C.Kupp,False,True,True,True,True
48,Mike's legion of boomers ,Kyle Williams,NE,2,K.Williams,True,True,True,True,False
49,Mike's legion of boomers ,Marvin Mims Jr.,DEN,3,M.Mims,False,True,True,False,False
50,Mike's legion of boomers ,Hunter Henry,NE,2,H.Henry,True,True,True,True,False
51,Mike's legion of boomers ,Brenton Strange,JAX,3,B.Strange,True,False,False,False,False
52,Mike's legion of boomers ,AJ Barner,SEA,3,A.Barner,False,True,True,True,True
53,Mike's legion of boomers ,Austin Hooper,NE,2,A.Hooper,True,True,True,True,False
54,I Touchdown There (JC),Drake Maye,NE,2,D.Maye,True,True,True,True,False
55,I Touchdown There (JC),Matthew Stafford,LA,2,M.Stafford,True,True,True,False,False
56,I Touchdown There (JC),Sam Darnold,SEA,3,S.Darnold,False,True,True,True,True
57,I Touchdown There (JC),C.J. Stroud,HOU,3,C.Stroud,True,True,False,False,False
58,I Touchdown There (JC),Kenneth Walker III,SEA,3,K.Walker,False,True,True,True,True
59,I Touchdown There (JC),TreVeyon Henderson,NE,2,T.Henderson,True,True,True,True,False
60,I Touchdown There (JC),Josh Jacobs,GB,2,J.Jacobs,True,False,False,False,False
61,I Touchdown There (JC),Rico Dowdle,CAR,3,R.Dowdle,True,False,False,False,False
62,I Touchdown There (JC),Jaxon Smith-Njigba,SEA,3,J.Smith-Njigba,False,True,True,True,True
63,I Touchdown There (JC),Stefon Diggs,NE,2,S.Diggs,True,True,True,True,False
64,I Touchdown There (JC),DJ Moore,CHI,3,D.Moore,True,True,False,False,False
65,I Touchdown There (JC),DK Metcalf,PIT,3,D.Metcalf,True,False,False,False,False
66,I Touchdown There (JC),Brandin Cooks,BUF,3,B.Cooks,True,True,False,False,False
67,I Touchdown There (JC),Christian Kirk,HOU,3,C.Kirk,True,True,False,False,False
68,I Touchdown There (JC),George Kittle,SF,2,G.Kittle,True,True,False,False,False
69,I Touchdown There (JC),Dalton Kincaid,BUF,3,D.Kincaid,True,True,False,False,False
70,I Touchdown There (JC),Dalton Schultz,HOU,3,D.Schultz,True,True,False,False,False
71,I Touchdown There (JC),Oronde Gadsden II,LAC,3,O.Gadsden,True,False,False,False,False
72,DUUUUUUUUUUUUUVAL,Trevor Lawrence,JAX,3,T.Lawrence,True,False,False,False,False
73,DUUUUUUUUUUUUUVAL,Matthew Stafford,LA,2,M.Stafford,True,True,True,False,False
74,DUUUUUUUUUUUUUVAL,Sam Darnold,SEA,3,S.Darnold,False,True,True,True,True
75,DUUUUUUUUUUUUUVAL,Jordan Love,GB,2,J.Love,True,False,False,False,False
76,DUUUUUUUUUUUUUVAL,Kyren Williams,LA,2,K.Williams,True,True,True,False,False
77,DUUUUUUUUUUUUUVAL,James Cook,BUF,3,J.Cook,True,True,False,False,False
78,DUUUUUUUUUUUUUVAL,Josh Jacobs,GB,2,J.Jacobs,True,False,False,False,False
79,DUUUUUUUUUUUUUVAL,Rico Dowdle,CAR,3,R.Dowdle,True,False,False,False,False
80,DUUUUUUUUUUUUUVAL,Puka Nacua,LA,2,P.Nacua,True,True,True,False,False
81,DUUUUUUUUUUUUUVAL,Stefon Diggs,NE,2,S.Diggs,True,True,True,True,False
82,DUUUUUUUUUUUUUVAL,Rome Odunze,CHI,3,R.Odunze,True,True,False,False,False
83,DUUUUUUUUUUUUUVAL,Tetairoa McMillan,CAR,3,T.McMillan,True,False,False,False,False
84,DUUUUUUUUUUUUUVAL,Keon Coleman,BUF,3,K.Coleman,True,True,False,False,False
85,DUUUUUUUUUUUUUVAL,Jaylin Noel,HOU,3,J.Noel,True,True,False,False,False
86,DUUUUUUUUUUUUUVAL,George Kittle,SF,2,G.Kittle,True,True,False,False,False
87,DUUUUUUUUUUUUUVAL,Dalton Kincaid,BUF,3,D.Kincaid,True,True,False,False,False
88,DUUUUUUUUUUUUUVAL,Tyler Higbee,LA,2,T.Higbee,True,True,True,False,False
89,DUUUUUUUUUUUUUVAL,Oronde Gadsden II,LAC,3,O.Gadsden,True,False,False,False,False
90,Wide Right Redemption - Tanja ,Josh Allen,BUF,3,J.Allen,True,True,False,False,False
91,Wide Right Redemption - Tanja ,Jalen Hurts,PHI,3,J.Hurts,True,False,False,False,False
92,Wide Right Redemption - Tanja ,Sam Darnold,SEA,3,S.Darnold,False,True,True,True,True
93,Wide Right Redemption - Tanja ,C.J. Stroud,HOU,3,C.Stroud,True,True,False,False,False
94,Wide Right Redemption - Tanja ,Saquon Barkley,PHI,3,S.Barkley,True,False,False,False,False
95,Wide Right Redemption - Tanja ,James Cook,BUF,3,J.Cook,True,True,False,False,False
96,Wide Right Redemption - Tanja ,Zach Charbonnet,SEA,3,Z.Charbonnet,False,True,True,True,True
97,Wide Right Redemption - Tanja ,Ty Johnson,BUF,14,Ty.Johnson,True,True,False,False,False
98,Wide Right Redemption - Tanja ,DeVonta Smith,PHI,3,D.Smith,True,False,False,False,False
99,Wide Right Redemption - Tanja ,Khalil Shakir,BUF,3,K.Shakir,True,True,False,False,False
100,Wide Right Redemption - Tanja ,DJ Moore,CHI,3,D.Moore,True,True,False,False,False
101,Wide Right Redemption - Tanja ,Jayden Higgins,HOU,3,J.Higgins,True,True,False,False,False
102,Wide Right Redemption - Tanja ,Brandin Cooks,BUF,3,B.Cooks,True,True,False,False,False
103,Wide Right Redemption - Tanja ,Marvin Mims Jr.,DEN,3,M.Mims,False,True,True,False,False
104,Wide Right Redemption - Tanja ,George Kittle,SF,2,G.Kittle,True,True,False,False,False
105,Wide Right Redemption - Tanja ,Dalton Kincaid,BUF,3,D.Kincaid,True,True,False,False,False
106,Wide Right Redemption - Tanja ,Dalton Schultz,HOU,3,D.Schultz,True,True,False,False,False
107,Wide Right Redemption - Tanja ,Austin Hooper,NE,2,A.Hooper,True,True,True,True,False
108,The Cannoli Fillers,Josh Allen,BUF,3,J.Allen,True,True,False,False,False
109,The Cannoli Fillers,Matthew Stafford,LA,2,M.Stafford,True,True,True,False,False
110,The Cannoli Fillers,Caleb Williams,CHI,3,C.Williams,True,True,False,False,False
111,The Cannoli Fillers,C.J. Stroud,HOU,3,C.Stroud,True,True,False,False,False
112,The Cannoli Fillers,Kyren Williams,LA,2,K.Williams,True,True,True,False,False
113,The Cannoli Fillers,James Cook,BUF,3,J.Cook,True,True,False,False,False
114,The Cannoli Fillers,Woody Marks,HOU,3,W.Marks,True,True,False,False,False
115,The Cannoli Fillers,Ty Johnson,BUF,14,Ty.Johnson,True,True,False,False,False
116,The Cannoli Fillers,Puka Nacua,LA,2,P.Nacua,True,True,True,False,False
117,The Cannoli Fillers,Khalil Shakir,BUF,3,K.Shakir,True,True,False,False,False
118,The Cannoli Fillers,DJ Moore,CHI,3,D.Moore,True,True,False,False,False
119,The Cannoli Fillers,Jayden Higgins,HOU,3,J.Higgins,True,True,False,False,False
120,The Cannoli Fillers,Brandin Cooks,BUF,3,B.Cooks,True,True,False,False,False
121,The Cannoli Fillers,Olamide Zaccheaus,CHI,3,O.Zaccheaus,True,True,False,False,False
122,The Cannoli Fillers,Colby Parkinson,LA,2,C.Parkinson,True,True,True,False,False
123,The Cannoli Fillers,Dalton Kincaid,BUF,3,D.Kincaid,True,True,False,False,False
124,The Cannoli Fillers,Dalton Schultz,HOU,3,D.Schultz,True,True,False,False,False
125,The Cannoli Fillers,Oronde Gadsden II,LAC,3,O.Gadsden,True,False,False,False,False
126,Duvallll,Trevor Lawrence,JAX,3,T.Lawrence,True,False,False,False,False
127,Duvallll,Matthew Stafford,LA,2,M.Stafford,True,True,True,False,False
128,Duvallll,Sam Darnold,SEA,3,S.Darnold,False,True,True,True,True
129,Duvallll,Aaron Rodgers,PIT,3,A.Rodgers,True,False,False,False,False
130,Duvallll,Saquon Barkley,PHI,3,S.Barkley,True,False,False,False,False
131,Duvallll,James Cook,BUF,3,J.Cook,True,True,False,False,False
132,Duvallll,Josh Jacobs,GB,2,J.Jacobs,True,False,False,False,False
133,Duvallll,Bhayshul Tuten,JAX,3,B.Tuten,True,False,False,False,False
134,Duvallll,Puka Nacua,LA,2,P.Nacua,True,True,True,False,False
135,Duvallll,Brian Thomas Jr.,JAX,3,B.Thomas,True,False,False,False,False
136,Duvallll,Quentin Johnston,LAC,3,Q.Johnston,True,False,False,False,False
137,Duvallll,DK Metcalf,PIT,3,D.Metcalf,True,False,False,False,False
138,Duvallll,Gabe Davis,BUF,3,G.Davis,True,True,False,False,False
139,Duvallll,Marvin Mims Jr.,DEN,3,M.Mims,False,True,True,False,False
140,Duvallll,Dallas Goedert,PHI,3,D.Goedert,True,False,False,False,False
141,Duvallll,Dawson Knox,BUF,3,D.Knox,True,True,False,False,False
142,Duvallll,Tyler Higbee,LA,2,T.Higbee,True,True,True,False,False
143,Duvallll,Pat Freiermuth,PIT,3,P.Freiermuth,True,False,False,False,False
144,Tapioca Pudding,Drake Maye,NE,2,D.Maye,True,True,True,True,False
145,Tapioca Pudding,Matthew Stafford,LA,2,M.Stafford,True,True,True,False,False
146,Tapioca Pudding,Sam Darnold,SEA,3,S.Darnold,False,True,True,True,True
147,Tapioca Pudding,Aaron Rodgers,PIT,3,A.Rodgers,True,False,False,False,False
148,Tapioca Pudding,Christian McCaffrey,SF,2,C.McCaffrey,True,True,False,False,False
149,Tapioca Pudding,James Cook,BUF,3,J.Cook,True,True,False,False,False
150,Tapioca Pudding,Josh Jacobs,GB,2,J.Jacobs,True,False,False,False,False
151,Tapioca Pudding,Rico Dowdle,CAR,3,R.Dowdle,True,False,False,False,False
152,Tapioca Pudding,Puka Nacua,LA,2,P.Nacua,True,True,True,False,False
153,Tapioca Pudding,Jakobi Meyers,JAX,3,J.Meyers,True,False,False,False,False
154,Tapioca Pudding,DJ Moore,CHI,3,D.Moore,True,True,False,False,False
155,Tapioca Pudding,DK Metcalf,PIT,3,D.Metcalf,True,False,False,False,False
156,Tapioca Pudding,Kyle Williams,NE,2,K.Williams,True,True,True,True,False
157,Tapioca Pudding,Tutu Atwell,LA,17,T.Atwell,True,True,True,False,False
158,Tapioca Pudding,Hunter Henry,NE,2,H.Henry,True,True,True,True,False
159,Tapioca Pudding,Dalton Kincaid,BUF,3,D.Kincaid,True,True,False,False,False
160,Tapioca Pudding,AJ Barner,SEA,3,A.Barner,False,True,True,True,True
161,Tapioca Pudding,Pat Freiermuth,PIT,3,P.Freiermuth,True,False,False,False,False
162,McSrq,Josh Allen,BUF,3,J.Allen,True,True,False,False,False
163,McSrq,Brock Purdy,SF,2,B.Purdy,True,True,False,False,False
164,McSrq,Justin Herbert,LAC,3,J.Herbert,True,False,False,False,False
165,McSrq,C.J. Stroud,HOU,3,C.Stroud,True,True,False,False,False
166,McSrq,Christian McCaffrey,SF,2,C.McCaffrey,True,True,False,False,False
167,McSrq,James Cook,BUF,3,J.Cook,True,True,False,False,False
168,McSrq,Woody Marks,HOU,3,W.Marks,True,True,False,False,False
169,McSrq,Ty Johnson,BUF,14,Ty.Johnson,True,True,False,False,False
170,McSrq,Ricky Pearsall,SF,2,R.Pearsall,True,True,False,False,False
171,McSrq,Khalil Shakir,BUF,3,K.Shakir,True,True,False,False,False
172,McSrq,Quentin Johnston,LAC,3,Q.Johnston,True,False,False,False,False
173,McSrq,Jayden Higgins,HOU,3,J.Higgins,True,True,False,False,False
174,McSrq,Brandin Cooks,BUF,3,B.Cooks,True,True,False,False,False
175,McSrq,Christian Kirk,HOU,3,C.Kirk,True,True,False,False,False
176,McSrq,George Kittle,SF,2,G.Kittle,True,True,False,False,False
177,McSrq,Dawson Knox,BUF,3,D.Knox,True,True,False,False,False
178,McSrq,Tyler Higbee,LA,2,T.Higbee,True,True,True,False,False
179,McSrq,Austin Hooper,NE,2,A.Hooper,True,True,True,True,False
180,OJ’s revenge/ ethan,Josh Allen,BUF,3,J.Allen,True,True,False,False,False
181,OJ’s revenge/ ethan,Jalen Hurts,PHI,3,J.Hurts,True,False,False,False,False
182,OJ’s revenge/ ethan,Bo Nix,DEN,3,B.Nix,False,True,True,False,False
183,OJ’s revenge/ ethan,Aaron Rodgers,PIT,3,A.Rodgers,True,False,False,False,False
184,OJ’s revenge/ ethan,Saquon Barkley,PHI,3,S.Barkley,True,False,False,False,False
185,OJ’s revenge/ ethan,James Cook,BUF,3,J.Cook,True,True,False,False,False
186,OJ’s revenge/ ethan,Zach Charbonnet,SEA,3,Z.Charbonnet,False,True,True,True,True
187,OJ’s revenge/ ethan,Ty Johnson,BUF,14,Ty.Johnson,True,True,False,False,False
188,OJ’s revenge/ ethan,Puka Nacua,LA,2,P.Nacua,True,True,True,False,False
189,OJ’s revenge/ ethan,Khalil Shakir,BUF,3,K.Shakir,True,True,False,False,False
190,OJ’s revenge/ ethan,Troy Franklin,DEN,15,T.Franklin,False,True,True,False,False
191,OJ’s revenge/ ethan,DK Metcalf,PIT,3,D.Metcalf,True,False,False,False,False
192,OJ’s revenge/ ethan,Keon Coleman,BUF,3,K.Coleman,True,True,False,False,False
193,OJ’s revenge/ ethan,Marvin Mims Jr.,DEN,3,M.Mims,False,True,True,False,False
194,OJ’s revenge/ ethan,Evan Engram,DEN,3,E.Engram,False,True,True,False,False
195,OJ’s revenge/ ethan,Dalton Kincaid,BUF,3,D.Kincaid,True,True,False,False,False
196,OJ’s revenge/ ethan,Tyler Higbee,LA,2,T.Higbee,True,True,True,False,False
197,OJ’s revenge/ ethan,Pat Freiermuth,PIT,3,P.Freiermuth,True,False,False,False,False
198,Dub season ,Trevor Lawrence,JAX,3,T.Lawrence,True,False,False,False,False
199,Dub season ,Matthew Stafford,LA,2,M.Stafford,True,True,True,False,False
200,Dub season ,Caleb Williams,CHI,3,C.Williams,True,True,False,False,False
201,Dub season ,C.J. Stroud,HOU,3,C.Stroud,True,True,False,False,False
202,Dub season ,Saquon Barkley,PHI,3,S.Barkley,True,False,False,False,False
203,Dub season ,Travis Etienne,JAX,3,T.Etienne,True,False,False,False,False
204,Dub season ,Josh Jacobs,GB,2,J.Jacobs,True,False,False,False,False
205,Dub season ,Ty Johnson,BUF,14,Ty.Johnson,True,True,False,False,False
206,Dub season ,Puka Nacua,LA,2,P.Nacua,True,True,True,False,False
207,Dub season ,Nico Collins,HOU,3,N.Collins,True,True,False,False,False
208,Dub season ,Parker Washington,JAX,3,P.Washington,True,False,False,False,False
209,Dub season ,Jayden Higgins,HOU,3,J.Higgins,True,True,False,False,False
210,Dub season ,Brandin Cooks,BUF,3,B.Cooks,True,True,False,False,False
211,Dub season ,Dontayvion Wicks,GB,18,D.Wicks,True,False,False,False,False
212,Dub season ,Dallas Goedert,PHI,3,D.Goedert,True,False,False,False,False
213,Dub season ,Colston Loveland,CHI,3,C.Loveland,True,True,False,False,False
214,Dub season ,Dalton Schultz,HOU,3,D.Schultz,True,True,False,False,False
215,Dub season ,Luke Musgrave,GB,2,L.Musgrave,True,False,False,False,False
216,HoosierDaddy / Greg McBride,Drake Maye,NE,2,D.Maye,True,True,True,True,False
217,HoosierDaddy / Greg McBride,Jalen Hurts,PHI,3,J.Hurts,True,False,False,False,False
218,HoosierDaddy / Greg McBride,Bo Nix,DEN,3,B.Nix,False,True,True,False,False
219,HoosierDaddy / Greg McBride,C.J. Stroud,HOU,3,C.Stroud,True,True,False,False,False
220,HoosierDaddy / Greg McBride,Christian McCaffrey,SF,2,C.McCaffrey,True,True,False,False,False
221,HoosierDaddy / Greg McBride,Travis Etienne,JAX,3,T.Etienne,True,False,False,False,False
222,HoosierDaddy / Greg McBride,Josh Jacobs,GB,2,J.Jacobs,True,False,False,False,False
223,HoosierDaddy / Greg McBride,Rico Dowdle,CAR,3,R.Dowdle,True,False,False,False,False
224,HoosierDaddy / Greg McBride,Puka Nacua,LA,2,P.Nacua,True,True,True,False,False
225,HoosierDaddy / Greg McBride,Nico Collins,HOU,3,N.Collins,True,True,False,False,False
226,HoosierDaddy / Greg McBride,Kayshon Boutte,NE,2,K.Boutte,True,True,True,True,False
227,HoosierDaddy / Greg McBride,Keenan Allen,LAC,3,K.Allen,True,False,False,False,False
228,HoosierDaddy / Greg McBride,DeMario Douglas,NE,2,D.Douglas,True,True,True,True,False
229,HoosierDaddy / Greg McBride,Tutu Atwell,LA,17,T.Atwell,True,True,True,False,False
230,HoosierDaddy / Greg McBride,George Kittle,SF,2,G.Kittle,True,True,False,False,False
231,HoosierDaddy / Greg McBride,Brenton Strange,JAX,3,B.Strange,True,False,False,False,False
232,HoosierDaddy / Greg McBride,Terrance Ferguson,LA,2,T.Ferguson,True,True,True,False,False
233,HoosierDaddy / Greg McBride,Austin Hooper,NE,2,A.Hooper,True,True,True,True,False
234,KaiBearMom/Gigi,Josh Allen,BUF,3,J.Allen,True,True,False,False,False
235,KaiBearMom/Gigi,Jalen Hurts,PHI,3,J.Hurts,True,False,False,False,False
236,KaiBearMom/Gigi,Bo Nix,DEN,3,B.Nix,False,True,True,False,False
237,KaiBearMom/Gigi,Jordan Love,GB,2,J.Love,True,False,False,False,False
238,KaiBearMom/Gigi,Christian McCaffrey,SF,2,C.McCaffrey,True,True,False,False,False
239,KaiBearMom/Gigi,Kyle Monangai,CHI,3,K.Monangai,True,True,False,False,False
240,KaiBearMom/Gigi,Jaylen Warren,PIT,3,J.Warren,True,False,False,False,False
241,KaiBearMom/Gigi,Ty Johnson,BUF,14,Ty.Johnson,True,True,False,False,False
242,KaiBearMom/Gigi,Davante Adams,LA,2,D.Adams,True,True,True,False,False
243,KaiBearMom/Gigi,Khalil Shakir,BUF,3,K.Shakir,True,True,False,False,False
244,KaiBearMom/Gigi,Quentin Johnston,LAC,3,Q.Johnston,True,False,False,False,False
245,KaiBearMom/Gigi,Cooper Kupp,SEA,3,C.Kupp,False,True,True,True,True
246,KaiBearMom/Gigi,Brandin Cooks,BUF,3,B.Cooks,True,True,False,False,False
247,KaiBearMom/Gigi,Tutu Atwell,LA,17,T.Atwell,True,True,True,False,False
248,KaiBearMom/Gigi,Dallas Goedert,PHI,3,D.Goedert,True,False,False,False,False
249,KaiBearMom/Gigi,Dalton Kincaid,BUF,3,D.Kincaid,True,True,False,False,False
250,KaiBearMom/Gigi,Tyler Higbee,LA,2,T.Higbee,True,True,True,False,False
251,KaiBearMom/Gigi,Luke Musgrave,GB,2,L.Musgrave,True,False,False,False,False
252,Bye Felicia,Trevor Lawrence,JAX,3,T.Lawrence,True,False,False,False,False
253,Bye Felicia,Matthew Stafford,LA,2,M.Stafford,True,True,True,False,False
254,Bye Felicia,Sam Darnold,SEA,3,S.Darnold,False,True,True,True,True
255,Bye Felicia,C.J. Stroud,HOU,3,C.Stroud,True,True,False,False,False
256,Bye Felicia,Kenneth Walker III,SEA,3,K.Walker,False,True,True,True,True
257,Bye Felicia,Travis Etienne,JAX,3,T.Etienne,True,False,False,False,False
258,Bye Felicia,Josh Jacobs,GB,2,J.Jacobs,True,False,False,False,False
259,Bye Felicia,Ty Johnson,BUF,14,Ty.Johnson,True,True,False,False,False
260,Bye Felicia,Jaxon Smith-Njigba,SEA,3,J.Smith-Njigba,False,True,True,True,True
261,Bye Felicia,Jakobi Meyers,JAX,3,J.Meyers,True,False,False,False,False
262,Bye Felicia,Kayshon Boutte,NE,2,K.Boutte,True,True,True,True,False
263,Bye Felicia,Cooper Kupp,SEA,3,C.Kupp,False,True,True,True,True
264,Bye Felicia,Brandin Cooks,BUF,3,B.Cooks,True,True,False,False,False
265,Bye Felicia,Marvin Mims Jr.,DEN,3,M.Mims,False,True,True,False,False
266,Bye Felicia,Dallas Goedert,PHI,3,D.Goedert,True,False,False,False,False
267,Bye Felicia,Dawson Knox,BUF,3,D.Knox,True,True,False,False,False
268,Bye Felicia,AJ Barner,SEA,3,A.Barner,False,True,True,True,True
269,Bye Felicia,Pat Freiermuth,PIT,3,P.Freiermuth,True,False,False,False,False
270,"Ass Whipping Commencing in 3, 2, 1…",Josh Allen,BUF,3,J.Allen,True,True,False,False,False
271,"Ass Whipping Commencing in 3, 2, 1…",Brock Purdy,SF,2,B.Purdy,True,True,False,False,False
272,"Ass Whipping Commencing in 3, 2, 1…",Bo Nix,DEN,3,B.Nix,False,True,True,False,False
273,"Ass Whipping Commencing in 3, 2, 1…",C.J. Stroud,HOU,3,C.Stroud,True,True,False,False,False
274,"Ass Whipping Commencing in 3, 2, 1…",Saquon Barkley,PHI,3,S.Barkley,True,False,False,False,False
275,"Ass Whipping Commencing in 3, 2, 1…",James Cook,BUF,3,J.Cook,True,True,False,False,False
276,"Ass Whipping Commencing in 3, 2, 1…",Jaylen Warren,PIT,3,J.Warren,True,False,False,False,False
277,"Ass Whipping Commencing in 3, 2, 1…",Ty Johnson,BUF,14,Ty.Johnson,True,True,False,False,False
278,"Ass Whipping Commencing in 3, 2, 1…",DeVonta Smith,PHI,3,D.Smith,True,False,False,False,False
279,"Ass Whipping Commencing in 3, 2, 1…",Stefon Diggs,NE,2,S.Diggs,True,True,True,True,False
280,"Ass Whipping Commencing in 3, 2, 1…",Parker Washington,JAX,3,P.Washington,True,False,False,False,False
281,"Ass Whipping Commencing in 3, 2, 1…",DK Metcalf,PIT,3,D.Metcalf,True,False,False,False,False
282,"Ass Whipping Commencing in 3, 2, 1…",Brandin Cooks,BUF,3,B.Cooks,True,True,False,False,False
283,"Ass Whipping Commencing in 3, 2, 1…",Tutu Atwell,LA,17,T.Atwell,True,True,True,False,False
284,"Ass Whipping Commencing in 3, 2, 1…",George Kittle,SF,2,G.Kittle,True,True,False,False,False
285,"Ass Whipping Commencing in 3, 2, 1…",Dalton Kincaid,BUF,3,D.Kincaid,True,True,False,False,False
286,"Ass Whipping Commencing in 3, 2, 1…",Dalton Schultz,HOU,3,D.Schultz,True,True,False,False,False
287,"Ass Whipping Commencing in 3, 2, 1…",Austin Hooper,NE,2,A.Hooper,True,True,True,True,False
288,Spencer,Drake Maye,NE,2,D.Maye,True,True,True,True,False
289,Spencer,Jalen Hurts,PHI,3,J.Hurts,True,False,False,False,False
290,Spencer,Bo Nix,DEN,3,B.Nix,False,True,True,False,False
291,Spencer,Jordan Love,GB,2,J.Love,True,False,False,False,False
292,Spencer,Saquon Barkley,PHI,3,S.Barkley,True,False,False,False,False
293,Spencer,Rhamondre Stevenson,NE,2,R.Stevenson,True,True,True,True,False
294,Spencer,Josh Jacobs,GB,2,J.Jacobs,True,False,False,False,False
295,Spencer,Ty Johnson,BUF,14,Ty.Johnson,True,True,False,False,False
296,Spencer,A.J. Brown,PHI,3,A.Brown,True,False,False,False,False
297,Spencer,Stefon Diggs,NE,2,S.Diggs,True,True,True,True,False
298,Spencer,Kayshon Boutte,NE,2,K.Boutte,True,True,True,True,False
299,Spencer,Romeo Doubs,GB,2,R.Doubs,True,False,False,False,False
300,Spencer,Brandin Cooks,BUF,3,B.Cooks,True,True,False,False,False
301,Spencer,Marvin Mims Jr.,DEN,3,M.Mims,False,True,True,False,False
302,Spencer,Hunter Henry,NE,2,H.Henry,True,True,True,True,False
303,Spencer,Brenton Strange,JAX,3,B.Strange,True,False,False,False,False
304,Spencer,Dalton Schultz,HOU,3,D.Schultz,True,True,False,False,False
305,Spencer,Austin Hooper,NE,2,A.Hooper,True,True,True,True,False
306,Sleepless in South Beach,Trevor Lawrence,JAX,3,T.Lawrence,True,False,False,False,False
307,Sleepless in South Beach,Matthew Stafford,LA,2,M.Stafford,True,True,True,False,False
308,Sleepless in South Beach,Sam Darnold,SEA,3,S.Darnold,False,True,True,True,True
309,Sleepless in South Beach,C.J. Stroud,HOU,3,C.Stroud,True,True,False,False,False
310,Sleepless in South Beach,Kyren Williams,LA,2,K.Williams,True,True,True,False,False
311,Sleepless in South Beach,Travis Etienne,JAX,3,T.Etienne,True,False,False,False,False
312,Sleepless in South Beach,Zach Charbonnet,SEA,3,Z.Charbonnet,False,True,True,True,True
313,Sleepless in South Beach,Rico Dowdle,CAR,3,R.Dowdle,True,False,False,False,False
314,Sleepless in South Beach,Jaxon Smith-Njigba,SEA,3,J.Smith-Njigba,False,True,True,True,True
315,Sleepless in South Beach,Brian Thomas Jr.,JAX,3,B.Thomas,True,False,False,False,False
316,Sleepless in South Beach,Troy Franklin,DEN,15,T.Franklin,False,True,True,False,False
317,Sleepless in South Beach,Tetairoa McMillan,CAR,3,T.McMillan,True,False,False,False,False
318,Sleepless in South Beach,DeMario Douglas,NE,2,D.Douglas,True,True,True,True,False
319,Sleepless in South Beach,Christian Kirk,HOU,3,C.Kirk,True,True,False,False,False
320,Sleepless in South Beach,Hunter Henry,NE,2,H.Henry,True,True,True,True,False
321,Sleepless in South Beach,Brenton Strange,JAX,3,B.Strange,True,False,False,False,False
322,Sleepless in South Beach,AJ Barner,SEA,3,A.Barner,False,True,True,True,True
323,Sleepless in South Beach,Oronde Gadsden II,LAC,3,O.Gadsden,True,False,False,False,False
324,Ricky Bobby,Trevor Lawrence,JAX,3,T.Lawrence,True,False,False,False,False
325,Ricky Bobby,Jalen Hurts,PHI,3,J.Hurts,True,False,False,False,False
326,Ricky Bobby,Sam Darnold,SEA,3,S.Darnold,False,True,True,True,True
327,Ricky Bobby,C.J. Stroud,HOU,3,C.Stroud,True,True,False,False,False
328,Ricky Bobby,Christian McCaffrey,SF,2,C.McCaffrey,True,True,False,False,False
329,Ricky Bobby,RJ Harvey,DEN,3,R.Harvey,False,True,True,False,False
330,Ricky Bobby,Zach Charbonnet,SEA,3,Z.Charbonnet,False,True,True,True,True
331,Ricky Bobby,Bhayshul Tuten,JAX,3,B.Tuten,True,False,False,False,False
332,Ricky Bobby,Jaxon Smith-Njigba,SEA,3,J.Smith-Njigba,False,True,True,True,True
333,Ricky Bobby,Ladd McConkey,LAC,3,L.McConkey,True,False,False,False,False
334,Ricky Bobby,Troy Franklin,DEN,15,T.Franklin,False,True,True,False,False
335,Ricky Bobby,Cooper Kupp,SEA,3,C.Kupp,False,True,True,True,True
336,Ricky Bobby,Jahan Dotson,PHI,3,J.Dotson,True,False,False,False,False
337,Ricky Bobby,Marvin Mims Jr.,DEN,3,M.Mims,False,True,True,False,False
338,Ricky Bobby,George Kittle,SF,2,G.Kittle,True,True,False,False,False
339,Ricky Bobby,Brenton Strange,JAX,3,B.Strange,True,False,False,False,False
340,Ricky Bobby,AJ Barner,SEA,3,A.Barner,False,True,True,True,True
341,Ricky Bobby,Oronde Gadsden II,LAC,3,O.Gadsden,True,False,False,False,False
342,Fly Eagles Fly,Drake Maye,NE,2,D.Maye,True,True,True,True,False
343,Fly Eagles Fly,Matthew Stafford,LA,2,M.Stafford,True,True,True,False,False
344,Fly Eagles Fly,Caleb Williams,CHI,3,C.Williams,True,True,False,False,False
345,Fly Eagles Fly,C.J. Stroud,HOU,3,C.Stroud,True,True,False,False,False
346,Fly Eagles Fly,Saquon Barkley,PHI,3,S.Barkley,True,False,False,False,False
347,Fly Eagles Fly,Rhamondre Stevenson,NE,2,R.Stevenson,True,True,True,True,False
348,Fly Eagles Fly,Woody Marks,HOU,3,W.Marks,True,True,False,False,False
349,Fly Eagles Fly,Bhayshul Tuten,JAX,3,B.Tuten,True,False,False,False,False
350,Fly Eagles Fly,Puka Nacua,LA,2,P.Nacua,True,True,True,False,False
351,Fly Eagles Fly,Jakobi Meyers,JAX,3,J.Meyers,True,False,False,False,False
352,Fly Eagles Fly,Luther Burden III,CHI,3,L.Burden,True,True,False,False,False
353,Fly Eagles Fly,Rashid Shaheed,SEA,3,R.Shaheed,False,True,True,True,True
354,Fly Eagles Fly,Brandin Cooks,BUF,3,B.Cooks,True,True,False,False,False
355,Fly Eagles Fly,Marvin Mims Jr.,DEN,3,M.Mims,False,True,True,False,False
356,Fly Eagles Fly,Colby Parkinson,LA,2,C.Parkinson,True,True,True,False,False
357,Fly Eagles Fly,Dalton Kincaid,BUF,3,D.Kincaid,True,True,False,False,False
358,Fly Eagles Fly,AJ Barner,SEA,3,A.Barner,False,True,True,True,True
359,Fly Eagles Fly,Austin Hooper,NE,2,A.Hooper,True,True,True,True,False
